"Mountain-200 Black, 42",Mountain-200 Black,42,1
"Touring-1000 Yellow, 46",Touring-1000 Yellow,46,2
"Touring-1000 Blue, 54",Touring-1000 Blue,54,3
"Short-Sleeve Classic Jersey, S",Short-Sleeve Classic Jersey,S,4
"Women's Mountain Shorts, S",Women's Mountain Shorts,S,5
"Long-Sleeve Logo Jersey, L",Long-Sleeve Logo Jersey,L,6
"Mountain-400-W Silver, 42",Mountain-400-W Silver,42,7
"Racing Socks, M",Racing Socks,M,8
"Mountain-100 Silver, 42",Mountain-100 Silver,42,9
"Mountain-200 Silver, 42",Mountain-200 Silver,42,10
"Road-750 Black, 58",Road-750 Black,58,11
"Half-Finger Gloves, L",Half-Finger Gloves,L,12
"Road-350-W Yellow, 44",Road-350-W Yellow,44,13
"Mountain-400-W Silver, 38",Mountain-400-W Silver,38,14
Mountain Bottle Cage,Mountain Bottle Cage,"",15
"Mountain-100 Silver, 44",Mountain-100 Silver,44,16
"Touring-1000 Blue, 46",Touring-1000 Blue,46,17
"Mountain-500 Silver, 42",Mountain-500 Silver,42,18
HL Mountain Tire,HL Mountain Tire,"",19
"Mountain-400-W Silver, 40",Mountain-400-W Silver,40,20
Bike Wash - Dissolver,Bike Wash - Dissolver,"",21
"Road-550-W Yellow, 40",Road-550-W Yellow,40,22
"Short-Sleeve Classic Jersey, XL",Short-Sleeve Classic Jersey,XL,23
"Mountain-500 Black, 52",Mountain-500 Black,52,24
"Mountain-100 Silver, 38",Mountain-100 Silver,38,25
"Road-250 Red, 48",Road-250 Red,48,26
"Mountain-400-W Silver, 46",Mountain-400-W Silver,46,27
"Touring-3000 Blue, 50",Touring-3000 Blue,50,28
"Road-250 Red, 52",Road-250 Red,52,29
Water Bottle - 30 oz.,Water Bottle - 30 oz.,"",30
"Road-650 Red, 52",Road-650 Red,52,31
"Road-250 Black, 52",Road-250 Black,52,32
"Touring-3000 Blue, 44",Touring-3000 Blue,44,33
"Mountain-500 Silver, 52",Mountain-500 Silver,52,34
Touring Tire,Touring Tire,"",35
"Classic Vest, L",Classic Vest,L,36
"Road-550-W Yellow, 48",Road-550-W Yellow,48,37
AWC Logo Cap,AWC Logo Cap,"",38
"Touring-2000 Blue, 60",Touring-2000 Blue,60,39
Patch Kit/8 Patches,Patch Kit/8 Patches,"",40
"Mountain-500 Black, 42",Mountain-500 Black,42,41
ML Mountain Tire,ML Mountain Tire,"",42
HL Road Tire,HL Road Tire,"",43
Touring Tire Tube,Touring Tire Tube,"",44
"Mountain-500 Silver, 44",Mountain-500 Silver,44,45
"Road-350-W Yellow, 48",Road-350-W Yellow,48,46
"Mountain-100 Black, 44",Mountain-100 Black,44,47
"Half-Finger Gloves, M",Half-Finger Gloves,M,48
"Short-Sleeve Classic Jersey, L",Short-Sleeve Classic Jersey,L,49
"Women's Mountain Shorts, L",Women's Mountain Shorts,L,50
"Mountain-100 Black, 38",Mountain-100 Black,38,51
"Road-650 Black, 60",Road-650 Black,60,52
"Women's Mountain Shorts, M",Women's Mountain Shorts,M,53
"Touring-3000 Blue, 58",Touring-3000 Blue,58,54
"Road-150 Red, 62",Road-150 Red,62,55
ML Road Tire,ML Road Tire,"",56
"Touring-3000 Blue, 62",Touring-3000 Blue,62,57
"Road-650 Red, 48",Road-650 Red,48,58
"Road-650 Black, 44",Road-650 Black,44,59
"Road-250 Black, 44",Road-250 Black,44,60
All-Purpose Bike Stand,All-Purpose Bike Stand,"",61
"Touring-2000 Blue, 54",Touring-2000 Blue,54,62
"Half-Finger Gloves, S",Half-Finger Gloves,S,63
"Road-250 Red, 58",Road-250 Red,58,64
"Road-150 Red, 44",Road-150 Red,44,65
"Mountain-500 Black, 48",Mountain-500 Black,48,66
"Classic Vest, M",Classic Vest,M,67
"Mountain-200 Silver, 38",Mountain-200 Silver,38,68
"Long-Sleeve Logo Jersey, M",Long-Sleeve Logo Jersey,M,69
"Road-350-W Yellow, 40",Road-350-W Yellow,40,70
"Road-650 Red, 58",Road-650 Red,58,71
"Long-Sleeve Logo Jersey, S",Long-Sleeve Logo Jersey,S,72
"Sport-100 Helmet, Blue",Sport-100 Helmet,Blue,73
"Touring-1000 Blue, 50",Touring-1000 Blue,50,74
"Road-250 Red, 44",Road-250 Red,44,75
"Road-650 Black, 62",Road-650 Black,62,76
"Road-250 Black, 58",Road-250 Black,58,77
"Racing Socks, L",Racing Socks,L,78
"Touring-3000 Yellow, 58",Touring-3000 Yellow,58,79
"Road-550-W Yellow, 44",Road-550-W Yellow,44,80
"Sport-100 Helmet, Black",Sport-100 Helmet,Black,81
"Touring-1000 Blue, 60",Touring-1000 Blue,60,82
"Touring-3000 Yellow, 62",Touring-3000 Yellow,62,83
"Mountain-200 Black, 38",Mountain-200 Black,38,84
"Mountain-200 Silver, 46",Mountain-200 Silver,46,85
LL Mountain Tire,LL Mountain Tire,"",86
"Mountain-500 Black, 44",Mountain-500 Black,44,87
Road Bottle Cage,Road Bottle Cage,"",88
"Touring-1000 Yellow, 60",Touring-1000 Yellow,60,89
"Road-650 Red, 60",Road-650 Red,60,90
"Touring-3000 Blue, 54",Touring-3000 Blue,54,91
"Touring-3000 Yellow, 54",Touring-3000 Yellow,54,92
"Road-650 Black, 48",Road-650 Black,48,93
"Road-650 Red, 62",Road-650 Red,62,94
"Road-650 Black, 52",Road-650 Black,52,95
"Mountain-100 Black, 48",Mountain-100 Black,48,96
"Touring-2000 Blue, 50",Touring-2000 Blue,50,97
"Short-Sleeve Classic Jersey, M",Short-Sleeve Classic Jersey,M,98
"Touring-1000 Yellow, 50",Touring-1000 Yellow,50,99
"Road-150 Red, 48",Road-150 Red,48,100
"Road-750 Black, 48",Road-750 Black,48,101
"Touring-2000 Blue, 46",Touring-2000 Blue,46,102
"Mountain-500 Silver, 48",Mountain-500 Silver,48,103
"Classic Vest, S",Classic Vest,S,104
LL Road Tire,LL Road Tire,"",105
"Road-750 Black, 52",Road-750 Black,52,106
"Road-150 Red, 52",Road-150 Red,52,107
Mountain Tire Tube,Mountain Tire Tube,"",108
"Touring-1000 Yellow, 54",Touring-1000 Yellow,54,109
"Touring-3000 Yellow, 44",Touring-3000 Yellow,44,110
"Road-150 Red, 56",Road-150 Red,56,111
"Road-650 Black, 58",Road-650 Black,58,112
"Road-350-W Yellow, 42",Road-350-W Yellow,42,113
"Mountain-500 Silver, 40",Mountain-500 Silver,40,114
"Mountain-200 Black, 46",Mountain-200 Black,46,115
"Road-550-W Yellow, 42",Road-550-W Yellow,42,116
"Road-750 Black, 44",Road-750 Black,44,117
"Mountain-500 Black, 40",Mountain-500 Black,40,118
Fender Set - Mountain,Fender Set - Mountain,"",119
"Road-650 Red, 44",Road-650 Red,44,120
"Touring-3000 Yellow, 50",Touring-3000 Yellow,50,121
"Road-550-W Yellow, 38",Road-550-W Yellow,38,122
Road Tire Tube,Road Tire Tube,"",123
"Sport-100 Helmet, Red",Sport-100 Helmet,Red,124
Hydration Pack - 70 oz.,Hydration Pack - 70 oz.,"",125
"Mountain-100 Silver, 48",Mountain-100 Silver,48,126
"Road-250 Black, 48",Road-250 Black,48,127
"Mountain-100 Black, 42",Mountain-100 Black,42,128
Hitch Rack - 4-Bike,Hitch Rack - 4-Bike,"",129
"Long-Sleeve Logo Jersey, XL",Long-Sleeve Logo Jersey,XL,130
